No,書籍での番号,地点名,種別1,種別2,エリア,緯度,経度,説明（書籍本文の抄録）
1,1,K-NET 広河原観測点,防災・学習,,左京北部,35.2497,135.7667,国立研究開発法人防災科学技術研究所（防災科研）が運用するK-NET（KyoshinNet：全国強震観測網）。京都府内には15か所にK-NET の強震計が設置されています。そのうちのひとつが京都市左京区広河原〔ひろがわら〕にある広河原観測点（写真左側の装置）。震度情報では「京都左京区広河原能見町〔のうみちょう〕」と表示されます。京都市域でいちばん北にある震度観測点になります。
2,2,鞍馬寺,地震,,左京北部,35.1179804,135.770981,寛文〔かんぶん〕の地震（１６６２）では、安曇川〔あどがわ〕上流の朽木〔くつき〕谷で大規模な土砂崩れが発生し、崩壊土砂の直撃によって約５６０人が犠牲となりました（町居〔まちい〕崩れ）が、鞍馬〔くらま〕の谷でも土砂崩れがあったようです。…（後略）…
3,3,北山と黄砂,その他災害,,左京北部,35.079601,135.751276,『月堂見聞集〔げつどうけんもんしゅう〕』に、正徳〔しょうとく〕４年（１７１４）の「同月（四月）上旬、大和金剛山の辺〔あたり〕土降申候由〔つちふりもうしそうろうよし〕にて、木葉抔〔このはなど〕に土たまり有之候由〔これありそうろうよし〕、京都にても三月頃より日月の色殊外〔ことのほか〕赤く、北山〔きたやま〕霞〔かすみ〕見えざる事一月〔ひとつき〕餘、北山に土降り候由申候〔もうしそうろ〕へ共〔ども〕、其後晴渡〔そのあとはれわた〕り別条〔べつじょう〕無事に候」という記述があります。木の葉に土がたまったり、太陽が赤く見えたり、北山が霞んで見えなくなったりということで、この期間に黄砂〔こうさ〕が発生し、大気中に塵〔ちり〕（ダスト）が漂い、視程〔してい〕が低下していたと考えることができます。…（後略）…
4,4,旧岩倉村,風水害,,左京北部,35.07884,135.78447,明治の水害（１８８５）で、旧岩倉〔いわくら〕村にあった溜池〔ためいけ〕が決壊したと、同年７月３日『日出〔ひ ので〕 新聞』が記しています。…（後略）…
5,5,宝が池の電子基準点,防災・学習,,左京北部,35.053134,135.77327,この街灯のようにも見える柱は何でしょうか？　こたえは電子基準点。国土地理院が全国約１３００か所に設置しているGEONET（GNSS 連続観測システム）の電子基準点のひとつです。京都市周辺にはほかに京都教育大学などにあります。…（後略）…
6,6,御蔭神社,複合,風水害・地震,左京北部,35.06285,135.80624,御蔭〔みかげ〕神社が宝暦〔ほうれき〕８年（１７５８）の豪雨や文政〔ぶんせい〕の地震（１８３０）後に土砂災害にあったとする絵図が下しも鴨がも神社に所蔵されています。…（後略）…
7,7,音羽川砂防学習ゾーン,風水害,,左京北部,35.05183,135.80549,音羽〔おとわ〕川は比叡〔ひえい〕山の中腹を源流とし、高野〔たかの〕川に合流する河川です。明治期から砂防〔さぼう〕事業がおこなわれてきましたが、たびたび災害が発生しています。…（後略）…
8,8,上賀茂神社（賀茂別雷神社）,風水害,,左京北部,35.06048,135.75275,賀茂〔かみがも〕神社（ 賀茂別雷〔かもわけいかづち〕神社）の北に蟻〔あり〕ヶ池（現在はゴルフ場の敷地内）という池があり、神社の小川の源流となっています。明治18年（１８８５）７月８日の『日出〔ひので〕新聞』によれば、明治の水害（１８８５）のとき、この池から水が溢〔あふ〕れて神社境内の芝生が一面の水となり、社殿が浸水しそうになりました。…（後略）…
9,9,水害紀念碑,風水害,,左京北部,35.055802,135.7532959,昭和の水害（１９３５）の碑と思われますが、建立の経緯など詳細は不明です。…（後略）…
10,10,上賀茂橋上流右岸堤防,風水害,,左京北部,35.05434,135.75354,昭和の水害（１９３５）では上賀茂〔かみがも〕橋の上流約２００ｍの右岸〔うがん〕堤防が被害をうけました。…（後略）…
11,11,半木神社（流木神社）,風水害,,左京北部,35.0499051,135.7617712,現在は府立植物園の中にある半木〔なからぎ〕 神社は、もとは流木〔ながれぎ〕神社といわれ賀茂〔かも〕川の流木が流れついたことからこの名がついたといわれています。…（後略）…
12,12,京都府立京都学・歴彩館,防災・学習,,左京北部,35.0484684,135.7668808,京都に関係する資料を収集、保存、公開している京都府立京都学・歴彩館〔れきさいかん〕。京都府立総合資料館が２０１７年４月にリニューアルされました。「東寺百合文書とうじひゃくごうもんじょ」や「陽明文庫〔ようめいぶんこ〕 」のデジタル資料もここで閲覧することができます。…（後略）…
13,13,賀茂川堤防,風水害,,左京北部,35.040859,135.765293,賀茂〔かも〕川左岸〔さがん〕堤防は右岸〔うがん〕堤防に比べて１ｍほど低いといわれます（河川では上流側から下流側をみたときの左右で左岸・右岸といいます）。賀茂川付近の等高線を作成すると右岸側の等高線が左岸側に比べて下流側に長く伸びていることがわかります（北大路橋付近はその差は少ないようです）。…（後略）…
14,14,加茂街道の松並木,風水害,,左京北部,35.0391069,135.7648355,加茂〔かも〕街道の松並木は宝永〔ほうえい〕～ 安永〔あんえい〕年間（１７１１～１７８１）に植樹されたそうですが、室戸〔むろと〕 台風（１９３４）により31本が根本から倒れました。…（後略）…
15,15,落差工,風水害,,左京北部,35.0364828,135.7677947,…（前略）…この段差のようなものは落差工といって床止〔とこと〕めとか床固〔とこがた〕めといわれ、落差のあるものを落差工といいます。河床〔かしょう〕（河の底）が削られるのを防ぎ、勾配〔こうばい〕を安定させる機能があります。…（後略）…
16,16,下鴨神社（賀茂御祖神社）,火災,,左京北部,35.0391839,135.7730066,下鴨〔しもがも〕神社（賀茂御祖〔かものみおや〕神社）の拝殿は火災などがあった場合の天皇の避難場所でした。天明〔てんめい〕の大火（１７８８）の際も、光格〔こうかく〕天皇は下鴨神社に避難しました。…（後略）…
17,17,出町柳の柳,風水害,,左京北部,35.030377,135.770586,かつて出町〔でまち〕橋西詰にあった樹齢60～70年、高さ15ｍほどの柳は室戸〔むろと〕台風（１９３４）により折れ伐採されました。…（後略）…
18,18,鴨川公園,風水害,,左京北部,35.0299736,135.7717533,…（前略）…鴨川は昭和の水害（１９３５）後に鴨川改修工事によって河床〔かしょう〕（河の底）が１ｍほど掘り下げられ、現在のように低水路と高水敷こうすいじき（一段高く歩道が設けられている部分）に分けられ河道〔かどう〕が整備されました。…（後略）…
19,19,河合橋,風水害,,左京北部,35.0304919,135.7722307,昭和の水害（１９３５）では高野〔たかの〕川に架かる河合〔かわい〕橋も６月29日午前８時頃に流失しました。河合橋は全長60ｍの鉄筋コンクリート製の橋でしたが、水勢がいかに激しかったかが想像されます。…（後略）…
20,20,京都大学総合博物館,防災・学習,,左京北部,35.0272466,135.7792247,…（前略）…自然史展示室の「地震（地球の鼓動）」コーナーには、花折〔はなおり〕断層の剥〔は〕ぎとり標本も展示されています。…（後略）…
21,21,京都大学時計台（百周年時計台記念館）,防災・学習,,左京北部,35.0264308,135.7808309,…（前略）…近所の吉田神社のある吉田山は、花折〔はなおり〕断層によって隆起した山です。また、京都大学のキャンパスの間の今出川〔いまでがわ〕通で実施されたトレンチ調査により、花折断層の最新活動年代などが調べられています。…（後略）…
22,22,本禅寺,火災,,御所・左京南部,35.02647,135.76829,…（前略）…宝永２年出版の『京羽二重〔きょうはぶたえ〕』７巻によれば、釈迦〔しゃか〕堂の竜宮城釈迦は海から引き上げられた像で、何度災難にあっても無事であったため除災鎮護の仏として信仰されています。…（後略）…
23,23,清浄華院　供養塔,火災,,御所・左京南部,35.0253948,135.7682709,浄土宗大本山清浄華院〔しょうじょうけいん〕の境内に天明〔てんめい〕の大火（１７８８）の供養塔が建っています。…（後略）…
24,24,梨木神社　染井の井戸,防災・学習,,御所・左京南部,35.0242603,135.7671819,梨木〔なしのき〕神社の染井〔そめい〕の井戸は京都三名水としても有名ですが、災害時の水を確保するための災害時協力井戸にも登録されています。…（後略）…
25,25,史跡御土居（蘆山寺）,風水害,,御所・左京南部,35.0240237,135.769067,蘆山寺〔ろさんじ〕境内墓地の東側に御土居〔おどい〕の一部が残っています。御土居は豊臣秀吉〔とよとみひでよし〕によって築かれた土塁（土を盛り上げて築いたとりで）ですが、鴨川などの河川の氾濫〔はんらん〕から洛中を守るための堤防の性格ももっていて、出雲路〔いずもじ〕橋付近では二重になっている場所もありました。…（後略）…
26,26,寛文新堤,風水害,,御所・左京南部,35.0259062,135.7708515,寛文〔かんぶん〕３年（１６６３）の水害を契機として、寛文９年から鴨川に幕府によって堤防が築かれました。板倉内膳正〔いたくらないぜんのかみ〕によって築かれたこの寛文新堤により、鴨川の川幅は狭められ、河原であった場所が堤内地となって屋敷地などとして利用されるようになりました。…（後略）…
27,27,圓通寺　供養塔,火災,,御所・左京南部,35.019588,135.770146,…（前略）…境内には「為焼亡横死」と刻まれた天明〔てんめい〕の大火（１７８８）の供養碑が建っています…（後略）…
28,28,京都御所,複合,地震・火災,御所・左京南部,35.0254135,135.7621246,…（前略）…宝永〔ほうえい〕の大火後の造営では、烏丸〔からすま〕通以東、丸太町〔まるたまち〕通以北の民家を鴨川の東の仁王門通付近に移転させ、その跡地を利用することで公家町は拡大し、現代の京都御所の規模となったといいます。…（後略）…
29,29,中御門京極（寺町通丸太町上る）,風水害,,御所・左京南部,35.0186657,135.7673495,治承〔じしょう〕４年（１１８０）に強い竜巻が発生しました。『方丈記〔ほうじょうき〕 』に描かれた辻風〔つじかぜ〕です。発生地点の「中御門京極〔なかみかどきょうごく〕」は、現在の通りでいうと、椹木 町〔さわらぎちょう〕通を東に延長して寺町〔てらまち〕通と交差するところ付近ということになります。…（後略）…
30,30,京都市歴史資料館,防災・学習,,御所・左京南部,35.019158,135.767635,京都市歴史資料館の前身は「京都市史編さん所」で、京都市史編さん作業を通じて、多くの古文書〔こもんじょ〕などが蓄積されています。１階は資料展示室、映像展示室、２階は閲覧相談室になっています。この資料館には、京都市に関連する多くの歴史資料やその写真、図書等が保管されています。もちろんこれらの資料のなかには、地震などの自然災害について記録されたものも多数あり、その一部はこの本のなかでも紹介しています。原文で読んでみたい方は、いちど資料館を訪ねてみてはいかがでしょうか。
31,31,下御霊神社,地震,,御所・左京南部,35.01692,135.76766,『かなめいし』には寛文〔かんぶん〕の地震（１６６２）の時、下御霊〔しもごりょう〕神社で子どもが石灯籠〔いしどうろう〕に打たれて亡くなったとの記事があります。…（後略）…
32,32,行願寺（革堂）,地震,,御所・左京南部,35.016416,135.7676265,…（前略）…『甲子夜話〔かっしやわ〕』続篇巻之四十九によると、文政〔ぶんせい〕の地震（１８３０）では革堂〔こうどう〕前で６軒の家が倒れて６人が下敷きになりましたが、怪我だけで命は助かったそうです。…（後略）…
33,33,銅駝の水,防災・学習,,御所・左京南部,35.0145276,135.770177,…（前略）…この水は防火用の水として利用できるよう地下水を汲〔く〕み上げているものです。しかしずっと見ているとタンクを持った人々が絶え間なく訪れ水を汲んでいきます。…（後略）…
34,34,長州藩邸跡,火災,,御所・左京南部,35.01125,135.76957,元治〔げんじ〕の大火（１８６４）の主な出火地点のひとつとされるのが主戦場のひとつであった河原町二条の長州〔ちょうしゅう〕藩邸です。…（後略）…
35,35,檀王法林寺裏門前,風水害,,御所・左京南部,35.00977,135.77246,明治18年（１８８５）７月１日の『日出〔ひので〕新聞』に「父兄たる人注意せよ」という見出しが出ています。大雨によって鴨川が増水して三条大橋付近も大水となり、その水勢を見物しようと６歳と８歳ほどの男の子が川端〔かわばた〕三条上るの檀王〔だんのう〕法林寺裏門前の川岸に立っていました。…（後略）…
36,36,三条大橋,風水害,,御所・左京南部,35.0090663,135.7717488,清水焼〔きよみずやき〕の窯元〔かまもと〕であった和気亀亭〔わけきてい〕の『日記』（京都府立京都学・歴彩館所蔵）によると、嘉永〔かりい〕５年（１８５２）７月21日から暴風雨に見舞われたことがわかります。…（後略）…
37,37,鳩居堂,地震,,御所・左京南部,35.0099643,135.7670906,「地震状　下書」（「熊谷家文書〔くまがいけもんじょ〕」京都市歴史資料館で写真帳閲覧可）は、文政〔ぶんせい〕の地震（１８３０）ののち、この地震の状況について書かれた手紙の下書きです。市中の地震による被害の様子が書かれています。…（後略）…
38,38,聖護院門跡,火災,,御所・左京南部,35.0191681,135.7804106,天明〔てんめい〕の大火（１７８８）のとき、光格〔こうかく〕天皇は下鴨〔しもがも〕神社に避難していましたが、風向きがわるくなったため、聖護院〔しょうごいん〕に避難しました。…（後略）…
39,39,聖護院村,地震,,御所・左京南部,35.0185179,135.7799814,文政〔ぶんせい〕の地震（１８３０）で聖護院〔しょうごいん〕村では町家一軒が倒壊したという記録が『甲子夜話〔かっしやわ〕』続篇巻之四十九にあります。…（後略）…
40,40,法勝寺九重塔の基壇の石（京都市動物園）,地震,,御所・左京南部,35.0129753,135.7860253,…（前略）…その法勝寺には八角九重塔〔はっかくくじゅうのとう〕がありました。現在の京都市動物園内、観覧車のあるところです。この塔は、元暦〔げんりゃく〕２年（１１８５）の地震で瓦が落ちるなどの被害が発生しています。…（後略）…
41,41,二条川東の寺町,火災,,御所・左京南部,35.0118598,135.7769797,…（前略）…これらの多くは宝永〔ほうえい〕の大火（宝永５年・１７０８）後に御所周辺の街区再編のために移転してきたもので、錣葺〔しころぶき〕様式の屋根が多いという特徴があります。…（後略）…
42,42,白川橋,地震,,御所・左京南部,35.0093076,135.7808708,三条大橋から蹴上〔けあげ〕に向かう途中にある白川〔しらかわ〕橋は文政〔ぶんせい〕の地震（１８３０）により破損しました。…（後略）…
43,43,鷹峯,地震,,上京・洛北,35.0541056,135.7320178,『浮世有様〔うきよのありさま〕』巻之三によると文政〔ぶんせい〕の地震（１８３０）の際、北区鷹峯〔たかがみね〕で幅約２ｍ、長さ約50ｍにわたって、地面がひっくり返ったといいます。…（後略）…
44,44,立命館大学 歴史都市防災研究所,防災・学習,,上京・洛北,35.033553,135.7266185,…（前略）…この本を手にとられて、京都の災害についてもっと知りたくなった方におすすめするのが、「京都歴史災害年表」です（http://r-dmuch.jp/jp/results/disaster/vol06.html）。歴史都市防災研究所が発行する学術雑誌である『京都歴史災害研究』第６号に掲載されており、８０２年から１８６５年まで、京都および周辺の災害の記録をまとめた年表です。…（後略）…
45,45,北野天満宮,複合,地震・風水害,上京・洛北,35.0314012,135.7351215,…（前略）…文政〔ぶんせい〕の地震（１８３０）ではこれらの多くが倒壊し南東の方角に倒れたと『甲子夜話〔かっしやわ〕』続篇巻之四十九が記しています。…（後略）…
46,46,船岡山,風水害,,上京・洛北,35.0393612,135.7422067,室戸〔むろと〕台風（１９３４）によって大きな被害が発生したのは、学校にくわえて寺社とそれらを囲む風致林〔ふうちりん〕でした。…（後略）…
47,47,水火天満宮,火災,,上京・洛北,35.0362886,135.7519116,都の水害や火災を鎮めるため、醍醐〔だいご〕天皇の勅願により菅原道真〔すがわらのみちざね〕を祭神として延長〔えんちょう〕元年（９２３）に勧進〔かんじん〕されたといい、水難火難禍〔わざわい〕除けの神として知られています。…（後略）…
48,48,妙蓮寺　慰霊塔,風水害,,上京・洛北,35.0346244,135.7500196,妙蓮寺の墓地には、室戸〔むろと〕台風（１９３４）のときに西陣〔にしじん〕小学校で犠牲になった児童の「慰霊塔」があります。…（後略）…
49,49,旧西陣小学校 花壇 記念碑,風水害,,上京・洛北,35.0324463,135.7492949,京都市立西陣〔にしじん〕小学校の木造校舎は室戸〔むろと〕台風（１９３４）により倒壊し、41名の児童が亡くなりました。…（後略）…
50,50,本隆寺,火災,,上京・洛北,35.0317842,135.7464729,…（前略）…境内には「不焼寺之〔の〕記」の石碑が建っており、異容の婦人（鬼子母神〔きしもじん〕の化身〔けしん〕）が桶を手に消火をしたという伝説が記されています。
51,51,昭和十年水害浸水被害記念碑,風水害,,上京・洛北,35.0319202,135.7533916,住宅の壁際に建つ石柱の表面には「上立売〔かみだちうり〕通　堀之上町」と彫られ、一見すると道標のように見えますが、西面に「昭和十年六月末　大出水地上四尺」の文字が彫られています。…（後略）…
52,52,北舟橋町,地震,,上京・洛北,35.0309317,135.7517552,『町定?〔ならびに〕諸事記録帳』（「北舟橋町文書〔きたふなはしちょうもんじょ〕」京都市歴史資料館で写真帳閲覧可）には、文政〔ぶんせい〕の地震（１８３０）のことが記録されています。…（後略）…
53,53,京都市考古資料館,防災・学習,,上京・洛北,35.029922,135.7496384,…（前略）…考古遺跡からは、過去の地震にともなう液状化現象や地すべりの痕跡が検出されることがあり、古い地震について知るための貴重なデータとなっています。…（後略）…
54,54,浄福寺,火災,,上京・洛北,35.0277394,135.7451948,…（前略）…この時、鞍馬〔くらま〕山から天狗〔てんぐ〕がクロガネモチの木に飛来し、団扇〔うちわ〕であおいで延焼を防いだとの伝承があります。…（後略）…
55,55,一条戻橋,地震,,上京・洛北,35.0262664,135.7519613,文政〔ぶんせい〕の地震（１８３０）で一条戻橋〔もどりばし〕付近にあった蕎麦〔そば〕屋が堀川へ崩れ落ち、客が６人死亡したと『浮世有様〔うきよのありさま〕』巻之三に記録されています。…（後略）…
56,56,出水通,風水害,,上京・洛北,35.02128,135.75919,…（前略）…『京都坊目誌〔きょうとぼうもくし〕 』によれば「烏丸〔からすま〕の西に湧水があり、ときに溢〔あふ〕れて道路が浸水する」と由来を記しています。…（後略）…
57,57,京都府庁,防災・学習,,上京・洛北,35.0209564,135.755574,…（前略）…では、これから起こり得る災害にはどのように備えたらよいでしょうか？　そのひとつの参考になるのが自治体が作成するハザードマップです。各自治体で配布あるいはホームページで公開されているほか、京都府マルチハザード情報提供システム（http://multi-hazardmap.pref.kyoto.jp/top/top.asp） にまとめられています。実際に災害が発生しそうなとき、あるいは発生したときには、きょうと危機管理WEB（http://www.pref.kyoto.jp/kikiweb/）で情報を参照できます。…（後略）…
58,58,京都府庁近くの一等水準点,防災・学習,,上京・洛北,35.020033,135.754817,京都府庁の近くには一等水準点が設置されており、立派な銘板が添えられています。…（後略）…
59,59,西陣空襲,その他災害,,上京・洛北,35.02025,135.74585,昭和20年（１９４５）６月26日の朝、西陣〔にしじん〕に空襲がありました。４００ｍ四方が被災し、死者は50名にのぼったといいます。山中油店〔やまなかあぶらてん〕の店頭にはその時の爆弾の破片が展示されています。
60,60,古典の日記念 京都市平安京創生館（京都アスニー内）,防災・学習,,上京・洛北,35.0190321,135.7385516,…（前略）…平安京イメージマップや平安京復元模型（ジオラマ）があり、在りし日の平安京について学習してから京都の町に出かけるのも一興です。…（後略）…
61,61,仁和寺,地震,,右京,35.03109,135.71381,文政〔ぶんせい〕の地震（１８３０） を記録した『宝暦現来集〔ほうれきげんらいしゅう〕』巻之十九は当時の被害を「御室御所〔おむろごしょ〕様、嵯峨〔さが〕御所様等は大破のよし」と伝えています。…（後略）…
62,62,妙心寺麟祥院,地震,,右京,35.02424,135.72031,『京都地震実録』によると、妙心寺麟祥院〔みょうしんじりんしょういん〕は文政〔ぶんせい〕の地震（１８３０）によって方丈〔ほうじょう〕の築地〔ついじ〕が残らず崩れ、廟所も大きく崩れて木っ端微塵となり、そのほか多くの建物の瓦がずり落ちたといいます。…（後略）…
63,63,天神川・御室川,風水害,,右京,35.01164,135.71704,昭和の水害（１９３５）は鴨川が注目されますが、右京地域では大規模な浸水が発生しました。…（後略）…
64,64,御室川治水碑,風水害,,右京,34.988626,135.7186777,明治末期におこなわれた御室〔おむろ〕川の治水工事を記念する「治水碑」が七条通を少し入った山陰街道沿いに建っています。…（後略）…
65,65,神護寺,地震,,右京,35.0546,135.66995,『宝暦現来集〔ほうれきげんらいしゅう〕』巻之十九は文政〔ぶんせい〕の地震（１８３０）による神護寺〔じんごじ〕の被害を「高雄〔たかお〕山（神護寺）も大破に相成申候〔あいなりもうしそうろう〕」としています。…（後略）…
66,66,愛宕神社,地震,,右京,35.0599349,135.6347211,文政〔ぶんせい〕の地震（１８３０）で最も被害が大きかった場所のひとつが愛宕〔あたご〕山の愛宕神社です。『蘿月小軒叢書〔らげつしょうけんそうしょ〕』（宮内庁書陵部蔵）所収の、愛宕神社から送られたと思われる「七月二日大地震荒処之事〔あれしょのこと〕」には、その被害が詳しく書かれています。…（後略）…
67,67,愛宕参詣道の茶屋,地震,,右京,35.04376,135.65076,…（前略）…『宝暦現来集〔ほうれきげんらいしゅう〕』巻之十九によると、文政〔ぶんせい〕の地震（１８３０）による被害があり、「潰家抔〔つぶれやなど〕にて右五十町の内茶屋三軒、其外〔そのほか〕は無之〔これなし〕」といった状態だったようです。…（後略）…
68,68,清凉寺,火災,,右京,35.02373,135.67451,嵯峨釈迦〔さがしゃか〕堂とも称される清凉寺〔せいりょうじ〕も何度かの火災にあっています。…（後略）…
69,69,天龍寺,複合,地震・火災,右京,35.0158,135.67375,美しい庭園で知られる天龍寺〔てんりゅうじ〕も実は多くの災害によって被災しています。…（後略）…
70,70,渡月橋,風水害,,右京,35.01278,135.67774,明治の水害（１８８５）により渡月橋〔とげつきょう〕が流失しました。同年７月５日の『日出〔ひので〕新聞』によると、旧下嵯峨〔さが〕村では２日の正午に桂〔かつら〕川が溢〔あふ〕れて床上70㎝浸水し、渡月橋も大小ともに流失したとのことです。…（後略）…
71,71,戸無瀬の滝,地震,,右京,35.01237,135.67286,歌枕で有名な戸無瀬〔となせ〕の滝も文政〔ぶんせい〕の地震（１８３０）によって被害が発生したようです。『甲子夜話〔かっしやわ〕』続篇巻之五十三には「戸無瀬の滝の山手が崩れ、景色が損なわれた」とあります。…（後略）…
72,72,二条城,複合,地震・火災,二条城・西京,35.0142299,135.748218,…（前略）…その後、幾度も災害にあっており、寛文〔かんぶん〕の地震（１６６２）のほか、寛文３年（１６６３）、同５年にも地震に見舞われ石垣が崩れたようです。また寛延〔かんえん〕３年（１７５０）には雷火によって天守閣が焼失し、以降は天守は再建されませんでした。さらに天明〔てんめい〕の大火（１７８８）では本丸御殿や櫓やぐらなどが焼けてしまい、寛永期の建物で残っているのは二之丸〔にのまる〕御殿のみとなっています。…（後略）…
73,73,二条西洞院町,風水害,,二条城・西京,35.0128668,135.7551693,貞和〔じょうわ〕5年（１３４９）６月の豪雨で、堀川小路〔こうじ〕 ・西洞院大路〔にしのとういんおおじ〕付近で洪水が発生しました。…（後略）…
74,74,神泉苑,地震,,二条城・西京,35.0110739,135.7480549,貞観〔じょうがん〕11年（８６９）、神泉苑〔しんせんえん〕にてのちの祇園祭の起源とされる御霊会〔ごりょうえ〕がおこなわれました。同じ年に東北地方で貞観地震が発生しており、この御霊会は貞観地震と関係があるという説があります。
75,75,京都地方気象台,防災・学習,,二条城・西京,35.015319,135.73286,注意報・警報や気象情報の発表といった防災業務、天気予報業務、それらを支える観測業務をおこなっているのが京都地方気象台です。…（後略）…
76,76,京都地方合同庁舎,風水害,,二条城・西京,35.015319,135.73286,堀川小路と御土居の基底部の間には、約２・５ｍの厚さで砂礫〔されき〕層が堆積していたとのことです。この砂礫層は、平安時代中期以降、中世にかけて大雨のたびに西堀川（紙屋川）が何度も氾濫〔はんらん〕して、上流から運んできた土砂が堆積したものと推定されています。…（後略）…
77,77,Hi-net 京都観測点,防災・学習,,二条城・西京,35.009625,135.730561,中京区の三条坊町公園には、国立研究開発法人 防災科学技術研究所（防災科研）が運用する高感度地震観測網（通称Hi-net＝ハイネット）の観測点があります。７００ｍほどの深い穴を掘って、その底部に地震計が設置されています。「高感度」の地震観測というのは、人が感じないような小さな地震の揺れまで観測できるということだと考えてください。このような観測点が全国に７００か所以上あります。
78,78,西院小学校　風災記念碑,風水害,,二条城・西京,35.0054818,135.7292949,室戸〔むろと〕台風（１９３４）のとき、淳和〔じゅんな〕小学校（現京都市立西院〔さいいん〕小学校）では校舎が倒壊し、１年生32名と訓導〔くんどう〕（教諭）が犠牲になりました。…（後略）…
79,79,高山寺　風災慰霊塔,風水害,,二条城・西京,35.0038824,135.7322931,室戸〔むろと〕台風（１９３４）による淳和〔じゅんな〕小学校（現京都市立西院〔さいいん〕小学校）の犠牲者32名の「風災慰霊塔」が高山寺〔こうさんじ〕にあります。…（後略）…
80,80,橋弁慶町,火災,,下京・洛南,35.0061257,135.7585831,…（前略）…元治〔げんじ〕の大火（１８６４）の際に京都市中で火災が発生し、橋弁慶町を含む山鉾町も被災しました。このときの被害状況や対応に関する一連の文書〔もんじょ〕があります。後祭で巡行する山鉾を代表して、被害状況を取りまとめたそうです。…（後略）…
81,81,霰天神山,火災,,下京・洛南,35.00495,135.75727,祇園祭の霰天神山〔あられてんじんやま〕は永正〔えいしょう〕年間（１５０４～１５２１）の京都の大火のとき、急に霰が降って火が消え、そのときに降ってきた小さな天神像を火除〔ひよけ〕の神として祀〔まつ〕ったものと伝えられています。…（後略）…
82,82,長刀鉾町,地震,,下京・洛南,35.00372,135.76062,文政〔ぶんせい〕の地震（１８３０）の発生日の夕方に長刀鉾町〔なぎなたほこちょう〕では祇園祭に関する勘定をしていたようです。…（後略）…
83,83,佛光寺,複合,火災・地震,下京・洛南,35.0009484,135.7622777,…（前略）…応仁〔おうにん〕２年（１４６８）には兵火で焼失、慶長伏見〔けいちょうふしみ〕地震（１５９６）で諸堂舎が倒壊しています。…（後略）…
84,84,永養寺,火災,,下京・洛南,35.000529,135.767341,…（前略）…天明〔てんめい〕の大火（１７８８）のとき、鴨川左岸〔さがん〕の団栗辻子〔どんぐりのずし〕から出火した火は、川を越えて永養寺に燃え移りました。…（後略）…
85,85,樋口富小路（万寿寺通富小路）,火災,,下京・洛南,34.9976803,135.7647563,『方丈記〔ほうじょうき〕 』にも描かれた安元〔あんげん〕の大火（安元３年（１１７７）４月28日）の火元は樋口富小路〔ひぐちとみのこうじ〕 、現在の万寿寺〔まんじゅじ〕通と富小路通の交差点付近とされています。ここから「扇をひろげたるごとく」（『方丈記』）燃え広がり、京都の町の広い範囲が焼失しました。…（後略）…
86,86,亀山稲荷神社（亀山藩邸跡）,火災,,下京・洛南,34.9991338,135.7574897,京都火消〔ひけし〕役のひとつである丹波〔たんば〕亀山藩（現亀岡市）の藩邸がここにありました。…（後略）…
87,87,平安京烏丸綾小路遺跡,火災,,下京・洛南,34.9940088,135.753777,…（前略）…とくに江戸時代の層からは元治〔げんじ〕の大火（１８６４）に際しての火災によると思われる痕跡があり、焼けて真っ赤に変色した瓦などを詰め込んだ穴がありました。…（後略）…
88,88,東本願寺,火災,,下京・洛南,34.9912688,135.7587804,天明〔てんめい〕の大火（１７８８）の時、東本願寺〔ほんがんじ〕も焼失しました。その後も文政〔ぶんせい〕６年（１８２３）、安政〔あんせい〕５年（１８５８）、元治〔げんじ〕の大火（１８６４）など頻繁に火災にあっています。…（後略）…
89,89,本圀寺跡,火災,,下京・洛南,34.9935713,135.7493393,かつて西本願寺〔ほんがんじ〕の北に本圀寺〔ほんこくじ〕という日蓮宗の寺院がありました。天明〔てんめい〕の大火（１７８８）では正月晦日〔みそか〕の夕方に五重塔に火が移り焼失してしまいました。…（後略）…
90,90,西本願寺,火災,,下京・洛南,34.991738,135.7517373,天明〔てんめい〕の大火（１７８８）の際、西本願寺は大門・鼓楼のみ焼失して、ほかは無事でした。境内の大銀杏〔いちょう〕が水を吹いて御影堂〔ごえいどう〕を守ったとの話が伝わっています。…（後略）…
91,91,興正寺,火災,,下京・洛南,34.9898967,135.7519062,天明〔てんめい〕の大火（１７８８）のとき、興正寺〔こうしょうじ〕には、諸堂再建の工事のため小屋が多く立ち並んでおり、延焼しやすい状況であったそうです。しかし、門主〔もんしゅ〕自らが指揮し防火したと『花紅葉都咄〔はなもみじみやこばなし〕』に記されています。
92,92,平安京皇嘉門大路,地震,,下京・洛南,34.992264,135.739523,…（前略）…この溝（写真参照）の堆積物のなかに地震による変形が確認できたことから、築地塀〔ついじべい〕に葺〔ふ〕かれた瓦が地震で崩落したという説明が可能です。９世紀の平安京を揺らした地震による被害と推定されています。
93,93,東寺百合文書,地震,,下京・洛南,34.9811177,135.7475964,東寺〔とうじ〕（教王護国寺〔きょうおうごこくじ〕 ）に伝えられた「東寺百合文書〔ひゃくごうもんじょ〕」は、現在京都府立京都学・歴彩館〔れきさいかん〕が所蔵しています。国宝に指定され、２０１５年にはユネスコ世界の記憶（世界記憶遺産）に登録されました。この文書のなかにも災害の記録を見いだすことができます。…（後略）…
94,94,京都市市民防災センター,防災・学習,,下京・洛南,34.9738169,135.7464494,十条の市民防災センターでは、体験を通して防災に関する知識を学習できます。映像体験、強風体験、地震体験、避難体験、消火体験、都市型水害体験など、さまざまな体験コーナーがあります。
95,95,東山と『方丈記』の地震,地震,,東山,34.993107,135.788569,『方丈記〔ほうじょうき〕 』に描かれた元暦〔げんりゃく〕２年（１１８５）の地震。このとき発生した土砂災害の跡を発見したという研究があります。…（後略）…
96,96,将軍塚,地震,,東山,35.0020875,135.7869549,将軍塚は平安遷都の際、都の守護として将軍の像を埋めたとされる塚です。『甲子夜話〔かっしやわ〕』続篇巻之五十には文政〔ぶんせい〕の地震（１８３０）に際して、将軍塚〔しょうぐんづか〕が鳴動した話が記されています。…（後略）…
97,97,知恩院,地震,,東山,35.0054141,135.7823785,…（前略）…たとえば、『殿中日記〔でんちゅうにっき〕』には、寛文〔かんぶん〕の地震（１６６２）の際に、知恩院・妙法院で坊舎が倒壊したことが記されています。…（後略）…
98,98,知恩院前　師弟愛の像,風水害,,東山,35.0045382,135.7812295,室戸〔むろと〕台風（１９３４）では多くの学校建築が被災し、京都府下では教師５名や児童１６６名が犠牲になりました。「師弟愛の像」は児童をかばって亡くなった教師と児童らがモチーフとなったブロンズ像です。…（後略）…
99,99,大谷本廟　師弟愛の碑,風水害,,東山,34.9939044,135.7798786,大谷本廟〔おおたにほんびょう〕の円通橋〔えんつうきょう〕を渡った左側にレリーフがはめ込まれた大きな岩があります。このレリーフが「師弟愛の碑」と呼ばれるものです。…（後略）…
100,100,京都女子大学　師弟愛の像,風水害,,東山,34.988605,135.779842,京都女子大学に大谷本廟〔おおたにほんびょう〕の「師弟愛の碑」によく似た石碑が建っています。…（後略）…
101,101,観亀神社,火災,,東山,35.00501,135.77611,観亀〔かんき〕神社には京都火消〔ひけし〕役をつとめた膳所〔ぜぜ〕藩（現大津市）の藩邸がありました。…（後略）…
102,102,白川,風水害,,東山,35.0055544,135.7744769,…（前略）…表層地質図を見ると、白川の上流部は比叡〔ひえい〕山と大文字〔だいもんじ〕山にはさまれた花崗岩〔かこうがん〕地帯になっています。風化した花崗岩が白いマサ（真砂）となって下流に流れ、白川の河床に堆積しているため白いのです。…（後略）…
103,103,仲源寺,風水害,,東山,35.0035622,135.773292,…（前略）…『雍州府志〔ようしゅうふし〕』や『京羽二重織留〔きょうはぶたえおりどめ〕』によれば、安貞〔あんてい〕２年（１２２８）の鴨川の洪水のおり、水防を命じられた勢多判官為兼〔せたはんがんためかね〕の前に僧侶があらわれ、「川の北に弁財天、南に禹王廟〔うおうびょう〕を祀〔まつ〕ると洪水が鎮まる」と告げて仲源寺に入って消えたといい、僧侶は地蔵の化身〔けしん〕ではないかと伝えています。…（後略）…
104,104,四条大橋,風水害,,東山,35.0038337,135.7718917,四条大橋には昭和の水害（１９３５）で多くの材木などが引っかかりましたが、鉄筋コンクリート造りであったため高欄〔こうらん〕が一部破損したのみで流失する被害はありませんでした。…（後略）…
105,105,団栗辻子,火災,,東山,35.0018678,135.7722738,天明の大火（１７８８）の出火地点が団栗辻子〔どんぐりのずし〕であったため、天明の大火を「どんぐり焼け」とも呼びます。…（後略）…
106,106,恵比寿神社,火災,,東山,34.999858,135.7717292,日本三大ゑびすに数えられる恵比寿〔えびす〕神社は、天明〔てんめい〕の大火（１７８８）で難を免れました。…（後略）…
107,107,松原橋,風水害,,東山,34.9988467,135.7692777,松原〔まつばら〕橋はかつての五条通に架かる橋です。相国寺〔しょうこくじ〕の僧が著した『蔭涼軒日録〔いんりょうけんにちろく〕』にはこの五条橋下に夏禹廟〔かうびょう〕があるとの記載があります。…（後略）…
108,108,森下町,地震,,東山,34.9967524,135.7704743,…（前略）…これによると文政〔ぶんせい〕の地震（１８３０）で町内の３軒の家が倒れ、住んでいた借家も破損し、五条通でも２軒が倒壊したとのことです。…（後略）…
109,109,五条大橋,地震,,東山,34.9957505,135.7679101,…（前略）…文政〔ぶんせい〕の地震（１８３０）による被害はほぼありませんでしたが、東詰北側にあった焼餅屋が倒壊し怪我人が出たとの記録が『浮世〔うきよ〕の有様〔ありさま〕』巻之三にあります。…（後略）…
110,110,若宮八幡宮,地震,,東山,34.99528,135.77482,清水焼〔きよみずや〕きの窯元〔かまもと〕である和気亀亭〔わけきてい〕の『日記』（京都府立京都学・歴彩館所蔵）には、伊賀上野〔いがうえの〕地震（１８５４）によって若宮八幡宮〔わかみやはちまんぐう〕の灯籠〔とうろう〕が４つ転倒し、地面が1 間〔けん〕（約１・８ｍ）ほど崩れたとあります。…（後略）…
111,111,五条坂,地震,,東山,34.994635,135.774868,清水焼〔きよみずや〕きの窯元〔かまもと〕である和気亀亭〔わけきてい〕の『日記』（京都府立京都学・歴彩館所蔵）には、伊賀上野〔いがうえの〕 地震（１８５４）による五条坂の清水焼窯元の被害が記されています。…（後略）…
112,112,清水寺の回廊,複合,地震・風水害,東山,34.9947951,135.784605,清水寺の本堂と轟門〔とどろきもん〕をつなぐ回廊は文政〔ぶんせい〕の地震（１８３０）後に降った大雨の際に崩落しました。…（後略）…
113,113,音羽の滝,複合,地震・風水害,東山,34.99443,135.785261,文政〔ぶんせい〕の地震（１８３０）の半月後に降った大雨により清水寺の音羽〔おとわ〕の滝や上流の山も崩れたとの記録が『宝暦現来集〔ほうれきげんらいしゅう〕』巻之十九など複数の史料に残っています。…（後略）…
114,114,地主神社,複合,地震・風水害,東山,34.9952175,135.7849763,縁結びで有名な地主〔じしゅ〕神社も文政〔ぶんせい〕の地震（１８３０）とその後の水害で被災しました。…（後略）…
115,115,音羽川,複合,地震・風水害,東山,34.9929235,135.7701149,…（前略）…文政〔ぶんせい〕の地震（１８３０）後に降った大雨では、上流の音羽山が崩れ音羽川が氾濫〔はんらん〕して家屋の流失や人的被害があったとの記録が『甲子夜話〔かっしやわ〕』続篇巻之五十三などに残っています。…（後略）…
116,116,馬町空襲,その他災害,,東山,34.9924121,135.7756148,太平洋戦争中に京都にも空襲がありました。昭和20年（１９４５）１月16日午後11時ごろ、Ｂ29が１機飛来し東山区馬町〔うままち〕付近に爆弾を投下しました。…（後略）…
117,117,方広寺石塁,複合,地震・風水害,東山,34.9920183,135.7714008,…（前略）…方広寺は天正〔てんしょう〕14年（１５８６）に豊臣秀吉〔とよとみひでよし〕によって造営されましたが、慶長伏見〔けいちょうふしみ〕地震（１５９６）、慶長７年（１６０５）の火災、寛文〔かんぶん〕の地震（１６６２）、寛政〔かんせい〕10年（１７９８）の落雷など度重なる災害によって荒廃し、当時の様子を伝えるのはこの石塁のみとなっています。…（後略）…
118,118,耳塚,地震,,東山,34.9914203,135.7703278,文政〔ぶんせい〕の地震（１８３０）の記録の中には耳塚〔みみづか〕の五輪塔に関する記事が多く登場します。…（後略）…
119,119,鴨川の浚渫,風水害,,東山,34.99173,135.7676,…（前略）…「砂持ち」とも呼ばれるこうした浚渫は治水工事の側面もありますが、次第にイベント化していき仮装行列も繰り広げられるお祭り騒ぎになったようです。…（後略）…
120,120,七条二宮町,地震,,東山,34.9904941,135.7664485,『甲子夜話〔かっしやわ〕』続篇巻之四十九によると七条二宮〔にのみや〕町（下京区上二之宮町もしくは下二之宮町か）では、道を挟んだ両側の町家が道に崩れ、道にいた16人が即死したそうです。
121,121,七条大橋,風水害,,東山,34.9892989,135.7672159,明治44年（１９１１）に着工し大正２年（１９１３）に完成した七条大橋は、昭和の水害（１９３５）において流失しなかった数少ない橋です。…（後略）…
122,122,伏見街道一ノ橋,地震,,東山,34.9828014,135.7703491,伏見〔ふしみ〕街道は京都盆地の東側を通っていますが、桃山〔ももやま〕断層など盆地東縁の断層と重なる部分があります。文政〔ぶんせい〕の地震（１８３０）による伏見街道付近の被害記録に「一の橋より上、大仏正面迄ま で、人家多おおく倒れ、此内〔このうち〕十七八歳の娘一人即死」（『浮世〔うきよ〕の有様〔ありさま〕』巻之三）という記録があります。…（後略）…
123,123,K-NET 京都観測点,防災・学習,,伏見・淀,34.997673,135.817819,国立研究開発法人防災科学技術研究所（防災科研）が運用するK-NET（KyoshinNet：全国強震観測網。京都府内には15か所にK-NET の強震計が設置されています。そのうちのひとつが山科〔やましな〕区にある京都観測点。地震が発生したときに発表される震度情報で「京都山科区安朱川向町〔あんしゅかわむかいちょう〕」と表示されるのがこの観測点です。
124,124,京都市青少年科学センター,防災・学習,,伏見・淀,34.9557618,135.7667913,…（前略）…２０１９年３月には京都大学大学院理学研究科を中心とした地球や惑星を立体的に表示するためのプロジェクト「ダジック・アース」を活用した「みらい地球儀」が公開されました。子どもも大人も、行ったことがある方もない方も、ぜひ訪れて理科・科学の楽しさに触れていただきたいです。
125,125,桃山高等学校　風災記念碑,風水害,,伏見・淀,34.942548,135.76922,室戸〔むろと〕台風（１９３４）による校舎の倒壊で多くの犠牲者を出す学校が多いなか、桃山〔ももやま〕中学校（現京都府立桃山高等学校）は迅速な避難により１人の死傷者も出しませんでした。…（後略）…
126,126,御香宮神社,地震,,伏見・淀,34.9347441,135.7675239,…（前略）…伏見の代表的な神社であったためか、地震が起きるたびにさまざまな文書〔もんじょ〕に被害が記録されています。…（後略）…
127,127,伏見城（指月城）,地震,,伏見・淀,34.93033,135.77006,…（前略）…近年、この地震の被害にあった伏見城の近辺の発掘調査がすすみ、地震で被害にあったと思われる瓦が出土したりしています。…（後略）…
128,128,紀州藩伏見屋敷,地震,,伏見・淀,34.9344749,135.7573301,文政〔ぶんせい〕の地震（１８３０）で伏見〔ふしみ〕にあった紀州〔きしゅう〕徳川家の伏見屋敷では表長屋〔おもてながや〕が倒壊したと「文政十三年寅〔とら〕七月二日京伏見大地震之〔の〕 始末書」（九州大学附属図書館蔵）に書かれています。…（後略）…
129,129,岡山藩伏見屋敷,地震,,伏見・淀,34.9321742,135.7572184,…（前略）…伊賀上野〔いがうえの〕地震（１８５４）の際に、岡山藩邸では泥や砂が地下から噴出したという記録（岡山大学附属図書館池田家文庫『三上方御下知状留〔さんかみがたおんげちじょうとどめ〕』）があり、液状化現象が発生したと推測できます。…（後略）…
130,130,京橋,地震,,伏見・淀,34.93012,135.75883,伏見〔ふしみ〕の京橋〔きょうばし〕付近にあった旅籠〔はたご〕屋や商家が文政〔ぶんせい〕の地震（１８３０）で残らず破損したと「文政十三年寅〔とら〕七月二日京伏見大地震之〔の〕始末書」（九州大学附属図書館蔵）に記されています。…（後略）…
131,131,中書島,地震,,伏見・淀,34.9276492,135.7589716,…（前略）…江戸時代には遊郭がありましたが、文政〔ぶんせい〕の地震（１８３０）ではそれらの建物の多くが破損し、古いものは倒壊したと「文政十三年寅〔とら〕七月二日京伏見〔ふしみ〕大地震之〔の〕始末書」（九州大学附属図書館蔵）に記録されています。…（後略）…
132,132,向島小学校　風災記念碑,風水害,,伏見・淀,34.92653,135.77078,室戸〔むろと〕台風（１９３４）の「風災記念碑」が京都市立向島〔むかいじま〕小学校の校庭にあります。…（後略）…
133,133,市田観世堤防,風水害,,伏見・淀,34.89402,135.75954,旧市田〔いちだ〕村字観世〔かんぜ〕にあった巨椋〔おぐら〕池の堤防が明治の水害（１８８５）で１００ｍほど決壊しました。…（後略）…
134,134,Hi-net 久御山観測点,防災・学習,,伏見・淀,34.898392,135.746247,巨椋〔おぐら〕池という大きな池があったことをご存知の方は多いと思います。京滋〔けいじ〕バイパスの久御山〔くみやま〕ジャンクションの近くに、国立研究開発法人 防災科学技術研究所（防災科研）が運用する高感度地震観測網（通称Hi-net ＝ハイネット）の久御山観測点があります。ここは堆積層が厚いため、８０３ｍものボーリング（井戸）を掘って地震計を設置しています。Hi-net は体に感じないような小さな地震の揺れまで観測する設計になっています。…（後略）…
135,135,称名寺（法蓮寺）,地震,,伏見・淀,34.8782806,135.7529429,久御山〔くみやま〕町の称名寺〔しょうみょうじ〕には、法蓮寺の旧仏とされる木造薬師如来坐像〔もくぞうやくしにょらいざぞう〕とともに、「法蓮寺堂再建記木札」が残されています。享保〔きょうほう〕13年（１７２８）に作成されたこの木札には「応永〔おうえい〕十四」年の「季春」に地震の被害にあい、お堂や仏像で破壊されたものがあったことが書かれています。…（後略）…
136,136,一口,風水害,,伏見・淀,34.904,135.73808,淀〔よど〕川は洪水の際にしばしば逆流をおこしていましたが、江戸時代に台風による高潮が淀まで遡上〔そじょう〕したと思われる記録が残っています。…（後略）…
137,137,水垂町,風水害,,伏見・淀,34.9121182,135.7140692,明治の水害（１８８５）のとき、桂川に面した水垂〔みずたれ〕地区は堤防が決壊して27 戸が流失する大きな被害となりました。このとき流失を免れた家は、いち早く家の建具をはずし、土壁を落として水流を受け流したために無事であったといいます。…（後略）…
138,138,淀小橋,風水害,,伏見・淀,34.90785,135.71984,明治の水害（１８８５）では、桂〔かつら〕川に架かる多くの橋が流失しました。そうしたなかで淀〔よど〕小橋では橋の両端に舟を置いてこれに水を満たし、大きな石を橋の上に並べるなどの対応をしたために、橋が浮き上がることなく流失しなかったといいます。
139,139,納所町,風水害,,伏見・淀,34.90799,135.71833,明治18年（１８８５）７月５日の『日出〔ひので〕新聞』によると、明治の水害（１８８５）のとき、淀〔よど〕川の逆流により納所〔のうそ〕村の倉庫にあった久世〔くぜ〕郡役所の貯蓄米が浸水する恐れが発生しました。…（後略）…
140,140,淀停留所跡,風水害,,伏見・淀,34.9050132,135.7190399,大正６年（１９１７）の淀〔よど〕川水害のとき、伏見〔ふしみ〕の三栖〔みす〕から流れ込んだ洪水流は京阪電鉄の線路沿いに流れ、淀に到達しました。このとき水勢が激しかったために線路が掘り起こされ、淀城前の停留所は跡形もなく流失しました。…（後略）…
141,141,淀城,地震,,伏見・淀,34.9048871,135.7176208,推定される震央から20㎞ほど離れた淀〔よど〕城でも、文政〔ぶんせい〕の地震（１８３０）で被害が発生しています。『内廻状留〔うちかいじょうとめ〕』（国立公文書館蔵）によると櫓〔やぐら〕２か所が破損し、所々瓦や壁などが落ちたようです。…（後略）…
142,142,與杼神社,風水害,,伏見・淀,34.90534,135.71786,與杼〔よど〕神社は淀姫〔よどひめ〕社とも呼ばれ、かつては伏見〔ふしみ〕区水垂町〔みずだれちょう〕にありました。明治18年（１８８５）の水害をきっかけとした淀川改良工事にともない、水垂地区が集落移転を迫られたため、明治30 年代に現在の淀城跡地に移転してきました。…（後略）…
143,143,稲葉神社,地震,,伏見・淀,34.905082,135.717881,淀〔よど〕城跡内にある稲葉〔いなば〕神社は、旧藩主である稲葉氏の祖先をまつっています。この神社に保管されていた文書〔もんじょ〕群のなかに『永代日記〔えいたいにっき〕 』（「稲葉神社文書」京都市歴史資料館で写真帳閲覧可）があり、寛文〔かんぶん〕の地震（１６６２）について記した部分があります。…（後略）…
144,144,淀大橋,風水害,,伏見・淀,34.89971,135.71676,淀〔よど〕町道路元標〔げんぴょう〕があるあたりから南南西にむかって、江戸時代には淀大橋が架けられていました。…（後略）…
145,145,淀川顔町,風水害,,伏見・淀,34.8986152,135.7185975,明治30年（１８９７）頃からはじまった淀〔よど〕川改良工事により、宇治川は淀の北から南に大きく付け替えられました。…（後略）…
146,146,石清水八幡宮,地震,,伏見・淀,34.8796365,135.7000633,…（前略）…この神社には地震のあとに祈祷〔きとう〕を命じられたという記録が多数あります。余震が続くなか、早くおさまるようにと祈祷したのでしょうか。境内の石灯籠の倒壊状況について検討した研究もあります。
147,147,八幡市立ふるさと学習館,防災・学習,,伏見・淀,34.8799155,135.7140123,市内の遺跡で発掘された土器や埴輪〔はにわ〕、昔の農具や生活道具などを展示しています。液状化痕跡の剥〔は〕ぎとり資料も保管されています。
148,148,離宮八幡宮,地震,,伏見・淀,34.891813,135.6795043,…（前略）…この離宮八幡宮〔りきゅうはちまんぐう〕は、慶長伏見〔けいちょうふしみ〕地震（１５９６）で被害にあっています。「離宮八幡宮文書〔もんじょ〕」の『万記録〔よろずきろく〕』には、「閏〔うるう〕七月十二日大地震に御門破損」とあります。…（後略）…
149,149,宇治川,複合,地震・風水害,宇治・南山城,34.927918,135.772862,…（前略）…用水や水運、動力など恵みをもたらすいっぽうで、繰りかえし水害を引き起こしてきました。宇治橋など、橋のかかる場所は交通の要衝でもありました。この橋も、洪水による流出のほか、地震によって落橋したこともあるそうです。…（後略）…
150,150,笠取,風水害,,宇治・南山城,34.9396475,135.8525661,宇治市の山間地域では、土砂災害警戒区域等が広範囲に指定されています。傾斜地や平地部分などで繰り返し土砂災害が発生してきました。…（後略）…
151,151,能化院　不焼地蔵,火災,,宇治・南山城,34.92336,135.79827,…（前略）…この地蔵は平へい治じ の乱による火災の際に、みずから山中に避難したとの伝説があり、この名になったといわれています。…（後略）…
152,152,萬福寺,地震,,宇治・南山城,34.9138139,135.8072656,…（前略）…このお寺で書かれた日誌に、江戸時代に発生した地震のことが書かれています。『（ 嘉永〔かえい〕七年）六月中日記』（宇治市歴史資料館で写真帳閲覧可）には、６月15日の「夜八〔や〕ツ過〔すぎ〕より大地震致」「地震ニ付火之〔の〕用心可致申来〔いたすべくもうしきたる〕」と書かれています。…（後略）…
153,153,京都大学防災研究所,防災・学習,,宇治・南山城,34.9106663,135.8017514,「防災研究所は創設以来、自然科学から人文・社会科学にわたる災害学理の追求と、防災学の構築に関する総合的研究・教育に取り組んで」います。（ホームページの「理念・沿革」より）…（後略）…
154,154,宇治橋,複合,地震・風水害,宇治・南山城,34.8929435,135.8062344,長い歴史をもつ宇治〔うじ〕橋。災害とも無縁ではありません。地震や洪水で何度も落ちたり通行不能になったりしています。文政〔ぶんせい〕の地震（１８３０）の半月後の洪水では、宇治橋が流失したようです。…（後略）…
155,155,塔の島・浮島十三重石塔,風水害,,宇治・南山城,34.8883189,135.8102931,宇治〔うじ〕川は何度も洪水を繰り返してきました。たとえば宝暦〔ほうれき〕13年（１７５６年）の洪水の様子を記録した「橋姫〔はしひめ〕流出之〔の〕控」（「宇治上〔うじがみ〕神社文書〔もんじょ〕」宇治市歴史資料館収蔵）には、橋姫神社が流出し、堤防が決壊し、現在も塔の島に建っている十三重石塔が倒壊したことなどが記録されています。…（後略）…
156,156,宇治郷での大火,火災,,宇治・南山城,34.889993,135.80214,大火といえば、江戸や京都で繰り返し発生した火災が有名ですが、『宇治〔うじ〕市史』には、宇治での大火・火災についてもまとめられています。…（後略）…
157,157,興聖寺,地震,,宇治・南山城,34.8900269,135.8136944,…（前略）…伊賀上野〔いがうえの〕地震（１８５４）では興聖寺にも被害が出ています。石灯籠〔いしどうろう〕や石塔、土塀などが破損したという記録が残っています（「興聖寺文書〔もんじょ〕」『萬筆記』宇治市歴史資料館で写真帳閲覧可）。…（後略）…
158,158,志津川村碑,火災,,宇治・南山城,34.8907629,135.8294473,宇治〔うじ〕市の神女〔しんにょ〕神社の入口にある「志津川〔しづかわ〕村碑」には「此〔この〕村天明壬寅乃〔てんめいじんいんの〕 火災に罹由〔かかるよし〕、旧記灰燼〔かいじん〕して、其〔そ〕の来歴を知る人なし遺憾と言べし」と書かれ、天明２年（１７８２）に志津川村で火災があったことがわかります。…（後略）…
159,159,K-NET 宇治観測点,防災・学習,,宇治・南山城,34.8784,135.8047,国立研究開発法人防災科学技術研究所（防災科研）が運用するK-NET の宇治〔うじ〕観測点。宇治市文化センターの敷地内にひっそりと設置されています。震度情報では「宇治市折居台〔おりいだい〕」と表示されます。いっぽう「宇治市宇治琵琶〔びわ〕」と表示されるのは気象庁の観測点で、１９９６年4月に設置されたものです。
160,160,宇治市歴史資料館,防災・学習,,宇治・南山城,34.8793265,135.8040908,年数回の展覧会のほか歴史講座なども開催されています。『宇治〔うじ〕市史』の編さんの際に調査された史料を写真帳で閲覧することができます。…（後略）…
161,161,五里ごり館（城陽市歴史民俗資料館）,防災・学習,,宇治・南山城,34.8490987,135.7724135,城陽〔じょうよう〕市の歴史について、古代から近現代までを通史的に紹介する常設展示室と、特別展や企画展を開催する特別展示室を備える施設です。…（後略）…
162,162,枇杷庄,地震,,宇治・南山城,34.836268,135.767141,木津〔きづ〕川右岸〔うがん〕の城陽〔じょうよう〕市枇杷庄〔びわのしょう〕。ここの堤防が、寛文〔かんぶん〕の地震（１６６２）で被災したという記録があります。…（後略）…
163,163,南山城水害記念碑,風水害,,宇治・南山城,34.85247,135.8554,宇治田原〔うじたわら〕町郷之口川東〔ごうのくちかわひがし〕の田原川と犬打〔いぬうち〕川の合流点に南山城〔やましろ〕水害（１９５３）を記念する「南山城水害記念碑」があります。…（後略）…
164,164,大正池,風水害,,宇治・南山城,34.8121381,135.8542663,大正〔たいしょう〕池は南山城〔やましろ〕水害（１９５３）のときに決壊し、下流部に甚大な被害をもたらしました。…（後略）…
165,165,玉川,風水害,,宇治・南山城,34.7987952,135.8066927,南山城〔やましろ〕水害（１９５３）では玉〔たま〕川の決壊によって大きな被害が発生しました。上流の旧大正〔たいしょう〕池と旧二ノ谷池が決壊したことで玉川も決壊し、人家２６７戸、玉水〔たまみず〕駅、井手〔いで〕町役場、町立小学校などが流失倒壊、３００戸が浸水しました。…（後略）…
166,166,ＪＲ玉水駅の巨石と水難記念碑,風水害,,宇治・南山城,34.8006032,135.8071057,南山城〔やましろ〕水害（１９５３）のとき、玉〔たま〕川が決壊して玉水〔たまみず〕駅が流失しました。玉水駅にはこのときに流れ着いた約６ｔの巨石が保存されています。…（後略）…
167,167,石垣区公民館 水難者慰霊塔,風水害,,宇治・南山城,34.7986038,135.8137173,井手〔いで〕町柴木田〔しばきだ〕の石垣区公民館には南山城〔やましろ〕水害（１９５３）の「水難者慰霊塔」が建っています。…（後略）…
168,168,災害記念塔,風水害,,宇治・南山城,34.7840761,135.8137118,山城〔やましろ〕町綺田西ノ城〔かばたにしのじょう〕の不動川と天神川に挟まれた田園地帯に、「復興　災害記念塔」と彫られた南山城〔やましろ〕水害（１９５３）の記念碑が建っています。
169,169,記念碑,風水害,,宇治・南山城,34.7789,135.81154,山城〔やましろ〕町平尾綾杉河原〔ひらおあやすぎがわら〕に南山城〔やましろ〕水害（１９５３）の「記念碑」があります。…（後略）…
170,170,不動川砂防歴史公園,防災・学習,,宇治・南山城,34.7851053,135.8348115,不動川の上流に砂防〔さぼう〕歴史公園があります。もともとこのあたりは風化しやすい花崗岩〔かこうがん〕地帯ですが、江戸時代から草木の過度な伐採がおこなわれていたこともあり、山々はハゲ山となって雨が降るたびに多くの土砂が不動川を流れ下り、木津〔きづ〕川に流入していました。…（後略）…
171,171,北河原区公民館　水害記念碑,風水害,,宇治・南山城,34.7674463,135.8135683,山城〔やましろ〕町北河原古屋敷〔きたかわらふるやしき〕の北河原区公民館に南山城〔やましろ〕水害（１９５３）の「水害記念碑」があります。
172,172,正覚寺　洪水供養石仏,風水害,,宇治・南山城,34.738323,135.817797,正覚寺〔しょうがくじ〕には正徳〔しょうとく〕２年（１７１２）に発生した木津〔きづ〕川洪水の死者を供養するために作られた石仏があります。三回忌にあたる正徳４年に建立されたもので、もともと木津川堤防にありましたが正覚寺に移されました。…（後略）…
173,173,三地震の供養塔,地震,,宇治・南山城,34.7390757,135.8186114,お寺の境内の片隅に大正12年（１９２３）の大正関東地震（関東大震災）、大正14年（１９２５）の北但馬〔たじま〕地震、昭和２年（１９２７）の北丹後〔たんご〕地震の３つの地震をあわせた供養塔が建っています。…（後略）…
174,174,京都府立山城郷土資料館（ふるさとミュージアム山城）,防災・学習,,宇治・南山城,34.7522696,135.8338852,南山城〔やましろ〕地方の歴史と文化を調査研究しています。常設展・企画展・特別展のほか各種講座が開催されています。
175,175,瓶原,地震,,宇治・南山城,34.765435,135.864182,伊賀上野〔いがうえの〕地震（１８５４）では、京都府南部でも大きな被害が出ています。木津川〔きづがわ〕市加茂〔かも〕町の瓶原〔みかのはら〕では、液状化被害が発生したと思われる記録があります。…（後略）…
176,176,海住山寺,地震,,宇治・南山城,34.776872,135.861795,木津川〔きづがわ〕市の海住山寺〔かいじゅうせんじ〕には、寛文〔かんぶん〕の地震（１６６２）で被害を受けた記録があります。…（後略）…
177,177,災害記念塔,風水害,,宇治・南山城,34.77263,135.99642,南山城〔やましろ〕村北大河原〔おおかわら〕北垣内〔がいとう〕に南山城水害（１９５３）の「災害記念塔」が建てられています。…（後略）…
178,178,K-NET 南山城観測点,防災・学習,,宇治・南山城,34.7732,135.9921,南山城〔やましろ〕村にも国立研究開発法人防災科学技術研究所（防災科研）が運用するK-NET の観測点があります。震度情報では「南山城村北大河原〔おおかわら〕 」と表示されます。なお、伊賀上野〔いがうえの〕地震（１８５４）の震源域には南山城村も入っていると考えられます。
179,コラム3,三条柳馬場で地震を体験した武士の話,地震,,上京・洛北,35.008625,135.764003,（コラム3）
180,コラム4,桂離宮の水害対策,風水害,,右京,34.98399,135.70957,（コラム4）
